value,n,name,pct
M,64848,ADJ1_CAL_TYPE_TO_BE_REMOVED,0.9562204167096746
I,2958,ADJ1_CAL_TYPE_TO_BE_REMOVED,0.04361738207234174
1030,4,ADJ1_CAL_TYPE_TO_BE_REMOVED,5.8982261084978695e-5
C,3,ADJ1_CAL_TYPE_TO_BE_REMOVED,4.423669581373402e-5
0900,2,ADJ1_CAL_TYPE_TO_BE_REMOVED,2.9491130542489348e-05
0830,1,ADJ1_CAL_TYPE_TO_BE_REMOVED,1.4745565271244674e-5
R,1,ADJ1_CAL_TYPE_TO_BE_REMOVED,1.4745565271244674e-5
P,23585,ADJ1_TELEPHONIC_TO_BE_REMOVED,0.8077331415459433
V,4480,ADJ1_TELEPHONIC_TO_BE_REMOVED,0.1534299119832871
T,1131,ADJ1_TELEPHONIC_TO_BE_REMOVED,0.03873420322613788
01,1,ADJ1_TELEPHONIC_TO_BE_REMOVED,3.424774821055516e-5
02,1,ADJ1_TELEPHONIC_TO_BE_REMOVED,3.424774821055516e-5
09,1,ADJ1_TELEPHONIC_TO_BE_REMOVED,3.424774821055516e-5
M,16386,ADJ2_CAL_TYPE_TO_BE_REMOVED,0.9291222499432978
I,1237,ADJ2_CAL_TYPE_TO_BE_REMOVED,0.0701406214561125
"",11,ADJ2_CAL_TYPE_TO_BE_REMOVED,6.237242004989794e-4
CS,1,ADJ2_CAL_TYPE_TO_BE_REMOVED,5.670220004536176e-5
V3,1,ADJ2_CAL_TYPE_TO_BE_REMOVED,5.670220004536176e-5
P,6586,ADJ2_TELEPHONIC_TO_BE_REMOVED,0.817933432687531
V,1228,ADJ2_TELEPHONIC_TO_BE_REMOVED,0.15250869349230006
T,237,ADJ2_TELEPHONIC_TO_BE_REMOVED,0.029433681073025336
12,1,ADJ2_TELEPHONIC_TO_BE_REMOVED,1.2419274714356682e-4
P,21742157,ADJ_MEDIUM,0.5965872830636674
H,6311078,ADJ_MEDIUM,0.17317089915333073
V,4340342,ADJ_MEDIUM,0.11909548998966037
A,1757208,ADJ_MEDIUM,0.04821637275904781
C,1302426,ADJ_MEDIUM,0.03573752083252273
p,601059,ADJ_MEDIUM,0.016492575036182695
T,380940,ADJ_MEDIUM,0.01045268689809725
',8421,ADJ_MEDIUM,2.310654600957551e-4
W,553,ADJ_MEDIUM,1.5173874769380427e-5
N,32,ADJ_MEDIUM,8.780542362028457e-7
M,2,ADJ_MEDIUM,5.4878389762677854e-8
0,11317316,AGGRAVATE_FELON,0.999997702640779
N,12,AGGRAVATE_FELON,1.0603196404244034e-6
1,7,AGGRAVATE_FELON,6.185197902475688e-7
Y,5,AGGRAVATE_FELON,4.417998501768348e-7
F,1,AGGRAVATE_FELON,8.835997003536696e-8
S,1,AGGRAVATE_FELON,8.835997003536696e-8
X,533739,APPEAL_NOT_FILED,0.9233663647246885
X,28538,APPEAL_NOT_FILED,0.04937062743496945
X,15738,APPEAL_NOT_FILED,0.027226677923174337
A,11,APPEAL_NOT_FILED,1.9029956611698926e-5
N,3,APPEAL_NOT_FILED,5.189988166826979e-6
0,2,APPEAL_NOT_FILED,3.4599921112179862e-6
N,2,APPEAL_NOT_FILED,3.4599921112179862e-6
A,1,APPEAL_NOT_FILED,1.7299960556089931e-6
I,1,APPEAL_NOT_FILED,1.7299960556089931e-6
T,1,APPEAL_NOT_FILED,1.7299960556089931e-6
A,240816,APPEAL_REVD,0.7465010090113549
I,53275,APPEAL_REVD,0.16514617490150127
B,28361,APPEAL_REVD,0.08791573282743272
O,130,APPEAL_REVD,4.02984565691134e-4
0000000000,5,APPEAL_REVD,1.5499406372735923e-5
"",2,APPEAL_REVD,6.1997625490943695e-6
,1,APPEAL_REVD,3.0998812745471848e-6
0000001500,1,APPEAL_REVD,3.0998812745471848e-6
0000010000,1,APPEAL_REVD,3.0998812745471848e-6
R,1,APPEAL_REVD,3.0998812745471848e-6
A,1086312,APPEAL_RSVD,0.7068349396304693
I,217579,APPEAL_RSVD,0.1415729913043931
B,143487,APPEAL_RSVD,0.09336325566021285
A,50932,APPEAL_RSVD,0.033140126543073314
B,16719,APPEAL_RSVD,0.010878618072599598
I,14176,APPEAL_RSVD,0.009223954171731078
O,7393,APPEAL_RSVD,0.004810432646134867
O,258,APPEAL_RSVD,1.6787388376880773e-4
,3,APPEAL_RSVD,1.952021904288462e-6
"",2,APPEAL_RSVD,1.301347936192308e-6
,1,APPEAL_RSVD,6.50673968096154e-7
,1,APPEAL_RSVD,6.50673968096154e-7
,1,APPEAL_RSVD,6.50673968096154e-7
2,1,APPEAL_RSVD,6.50673968096154e-7
C,1,APPEAL_RSVD,6.50673968096154e-7
F,1,APPEAL_RSVD,6.50673968096154e-7
X,1,APPEAL_RSVD,6.50673968096154e-7
W,5211522,ASSIGNMENT_PATH,0.8525696322244604
A,868853,ASSIGNMENT_PATH,0.1421384544989197
F,32347,ASSIGNMENT_PATH,0.005291749683406234
--,1,ASSIGNMENT_PATH,1.6359321369543491e-7
0,42565782,BLNCLOCKOVERRIDE,0.9977438955556547
1,96250,BLNCLOCKOVERRIDE,0.002256104444345267
4A,95387,BLNDELETED,0.9991724802547504
4B,79,BLNDELETED,8.275197452496176e-4
1,18852847,BLNPRIMEATTY,0.7742170767398958
0,5498007,BLNPRIMEATTY,0.22578292326010413
P,107458,BOND_HEARING_TELEPHONIC,0.8061788691079051
V,16155,BOND_HEARING_TELEPHONIC,0.12119916274673088
T,9678,BOND_HEARING_TELEPHONIC,0.07260696360649097
DC,1,BOND_HEARING_TELEPHONIC,7.502269436504543e-6
DES,1,BOND_HEARING_TELEPHONIC,7.502269436504543e-6
BB,1089295,BOND_TYPE,0.7515769181410098
BD,329972,BOND_TYPE,0.22766958338450585
SB,30071,BOND_TYPE,0.02074797874351604
EAZ,3,BOND_TYPE,2.0698991131172268e-6
1998-05-07 00:00:00.000,1,BOND_TYPE,6.899663710390756e-7
CHI,1,BOND_TYPE,6.899663710390756e-7
KRO,1,BOND_TYPE,6.899663710390756e-7
OMA,1,BOND_TYPE,6.899663710390756e-7
PIS,1,BOND_TYPE,6.899663710390756e-7
M,32553807,CAL_TYPE,0.7633147678436847
I,10089563,CAL_TYPE,0.23657793507804573
N,3112,CAL_TYPE,7.296951651551987e-5
R,1350,CAL_TYPE,3.1654513912580926e-5
C,71,CAL_TYPE,1.6647929539209227e-6
S,25,CAL_TYPE,5.86194702084832e-7
T,11,CAL_TYPE,2.5792566891732603e-7
E,4,CAL_TYPE,9.379115233357311e-8
0,2,CAL_TYPE,4.6895576166786553e-8
6,1,CAL_TYPE,2.3447788083393277e-8
UC,187327,CASEPRIORITY_CODE,0.5542858495506878
AWC/ATD,105557,CASEPRIORITY_CODE,0.3123348552051864
CR,19226,CASEPRIORITY_CODE,0.05688822083021414
RBC/D,16536,CASEPRIORITY_CODE,0.04892872254490903
AWC/D,9313,CASEPRIORITY_CODE,0.027556434026411333
F,1,CASEPRIORITY_CODE,2.9589212956524568e-06
N,1,CASEPRIORITY_CODE,2.9589212956524568e-06
RMV,13512456,CASE_TYPE,0.48789748519215026
RMV,10386435,CASE_TYPE,0.37502549622450065
DEP,1455103,CASE_TYPE,0.05253975253614542
DEP,1107027,CASE_TYPE,0.03997168903564315
EXC,259543,CASE_TYPE,0.009371381264754997
EXC,207080,CASE_TYPE,0.007477087158218349
CFR,205845,CASE_TYPE,0.007432494717420591
CFR,203974,CASE_TYPE,0.007364938072292976
DDC,128234,CASE_TYPE,0.004630175751627254
WHO,58901,CASE_TYPE,0.0021267525145171867
WHO,41346,CASE_TYPE,0.001492889924877805
RFR,36451,CASE_TYPE,0.0013161449874648302
RFR,35745,CASE_TYPE,0.001290653276369108
AOC,27328,CASE_TYPE,9.86738641393621e-4
AOC,19555,CASE_TYPE,7.060770686640903e-4
REC,2837,CASE_TYPE,1.0243623849654943e-4
REC,2491,CASE_TYPE,8.99431336252748e-5
CSR,1385,CASE_TYPE,5.000852672461084e-5
CSR,1330,CASE_TYPE,4.802262855143135e-5
MAA,1158,CASE_TYPE,4.1812183355306394e-5
NAC,488,CASE_TYPE,1.7620332882028946e-5
NAC,375,CASE_TYPE,1.3540214817132899e-5
CDR,48,CASE_TYPE,1.733147496593011e-6
CDR,43,CASE_TYPE,1.5526112990312392e-6
D,26,CASE_TYPE,9.387882273212144e-7
0,23,CASE_TYPE,8.304665087841512e-7
N,20,CASE_TYPE,7.22144790247088e-7
00,8,CASE_TYPE,2.888579160988352e-7
R,8,CASE_TYPE,2.888579160988352e-7
01,4,CASE_TYPE,1.444289580494176e-7
AOL,2,CASE_TYPE,7.22144790247088e-8
AOL,2,CASE_TYPE,7.22144790247088e-8
C,2,CASE_TYPE,7.22144790247088e-8
02,1,CASE_TYPE,3.61072395123544e-8
DCC,1,CASE_TYPE,3.61072395123544e-8
DCC,1,CASE_TYPE,3.61072395123544e-8
T,1,CASE_TYPE,3.61072395123544e-8
S,10370276,CHG_STATUS,0.744795904061924
O,2985236,CHG_STATUS,0.21440042149873367
N,415035,CHG_STATUS,0.02980792102759277
W,153061,CHG_STATUS,0.01099288060140561
,36,CHG_STATUS,2.585529309560253e-6
s,2,CHG_STATUS,1.4364051719779183e-7
w,2,CHG_STATUS,1.4364051719779183e-7
S,142461,CORRECTIONAL_FAC,0.4984848908981483
D,81156,CORRECTIONAL_FAC,0.28397273503436116
F,57359,CORRECTIONAL_FAC,0.20070471818270885
M,4394,CORRECTIONAL_FAC,0.015375033241423712
3,418,CORRECTIONAL_FAC,0.0014626226433580136
N,14008165,CRIM_IND,0.9190690743000989
Y,1169619,CRIM_IND,0.0767381489020016
N,50420,CRIM_IND,0.0033080323315873984
Y,13461,CRIM_IND,8.831698376735019e-4
LOS,7,CRIM_IND,4.592666862576713e-7
D,5,CRIM_IND,3.2804763304119377e-7
LAN,3,CRIM_IND,1.9682857982471628e-7
BOS,2,CRIM_IND,1.3121905321647752e-7
ELP,1,CRIM_IND,6.560952660823876e-8
F,1,CRIM_IND,6.560952660823876e-8
HUN,1,CRIM_IND,6.560952660823876e-8
NYC,1,CRIM_IND,6.560952660823876e-8
S,1,CRIM_IND,6.560952660823876e-8
SDE,1,CRIM_IND,6.560952660823876e-8
SNA,1,CRIM_IND,6.560952660823876e-8
N,7916001,CUSTODY,0.37052500193898386
N,6640448,CUSTODY,0.31082007292264385
D,2760162,CUSTODY,0.12919516185027133
D,1681141,CUSTODY,0.07868932460780453
R,1329231,CUSTODY,0.0622174402014802
R,1037211,CUSTODY,0.04854883264746119
SP,73,CUSTODY,3.4169178530353676e-6
ENG,4,CUSTODY,1.8722837550878725e-7
MAN,2,CUSTODY,9.361418775439363e-8
POR,2,CUSTODY,9.361418775439363e-8
UR,2,CUSTODY,9.361418775439363e-8
AR,1,CUSTODY,4.680709387719681e-8
CRE,1,CUSTODY,4.680709387719681e-8
FOO,1,CUSTODY,4.680709387719681e-8
GEO,1,CUSTODY,4.680709387719681e-8
LIN,1,CUSTODY,4.680709387719681e-8
MX,1,CUSTODY,4.680709387719681e-8
RMV,63040,Case_type,0.9816562334547946
AOC,361,Case_type,0.005621476844498427
DEP,358,Case_type,0.005574760970444423
WHO,302,Case_type,0.0047027313214363575
EXC,99,Case_type,0.001541623843782117
CFR,50,Case_type,7.785979009000592e-4
NAC,3,Case_type,4.671587405400355e-5
RFR,3,Case_type,4.671587405400355e-5
CSR,1,Case_type,1.5571958018001183e-5
REC,1,Case_type,1.5571958018001183e-5
237a02Aiii,14,Charge_6,0.2028985507246377
237a02Bi,9,Charge_6,0.13043478260869565
212a07Ai  I,6,Charge_6,0.08695652173913043
237a02C,6,Charge_6,0.08695652173913043
237a02Ei,6,Charge_6,0.08695652173913043
212a06Ai,5,Charge_6,0.07246376811594203
212a06Ci,4,Charge_6,0.057971014492753624
237a02Aii,4,Charge_6,0.057971014492753624
237a01B,3,Charge_6,0.043478260869565216
212a02Ai  I,2,Charge_6,0.028985507246376812
212a02Ai  II,2,Charge_6,0.028985507246376812
212a02C,2,Charge_6,0.028985507246376812
212a02B,1,Charge_6,0.014492753623188406
212a07Bi  II,1,Charge_6,0.014492753623188406
212a09Ai,1,Charge_6,0.014492753623188406
212a09Aii,1,Charge_6,0.014492753623188406
237a02Eii,1,Charge_6,0.014492753623188406
241a02Aii,1,Charge_6,0.014492753623188406
1974-11-14 00:00:00.000,1,DATE_MAILED_TO_IJ,0.25
1992-06-03 00:00:00.000,1,DATE_MAILED_TO_IJ,0.25
1993-03-03 00:00:00.000,1,DATE_MAILED_TO_IJ,0.25
1993-04-23 00:00:00.000,1,DATE_MAILED_TO_IJ,0.25
1974-11-14 00:00:00.000,1,DATE_RECD_FROM_BIA,0.09090909090909091
1989-02-22 00:00:00.000,1,DATE_RECD_FROM_BIA,0.09090909090909091
1991-11-13 00:00:00.000,1,DATE_RECD_FROM_BIA,0.09090909090909091
1992-04-28 00:00:00.000,1,DATE_RECD_FROM_BIA,0.09090909090909091
1992-06-15 00:00:00.000,1,DATE_RECD_FROM_BIA,0.09090909090909091
1993-03-03 00:00:00.000,1,DATE_RECD_FROM_BIA,0.09090909090909091
1993-04-28 00:00:00.000,1,DATE_RECD_FROM_BIA,0.09090909090909091
1993-11-10 00:00:00.000,1,DATE_RECD_FROM_BIA,0.09090909090909091
1994-08-23 00:00:00.000,1,DATE_RECD_FROM_BIA,0.09090909090909091
1995-07-25 00:00:00.000,1,DATE_RECD_FROM_BIA,0.09090909090909091
1995-09-07 00:00:00.000,1,DATE_RECD_FROM_BIA,0.09090909090909091
1974-11-14 00:00:00.000,1,DATE_TO_BIA,0.06666666666666667
1989-01-09 00:00:00.000,1,DATE_TO_BIA,0.06666666666666667
1989-07-07 00:00:00.000,1,DATE_TO_BIA,0.06666666666666667
1991-09-18 00:00:00.000,1,DATE_TO_BIA,0.06666666666666667
1992-03-09 00:00:00.000,1,DATE_TO_BIA,0.06666666666666667
1992-04-28 00:00:00.000,1,DATE_TO_BIA,0.06666666666666667
1992-06-02 00:00:00.000,1,DATE_TO_BIA,0.06666666666666667
1993-03-03 00:00:00.000,1,DATE_TO_BIA,0.06666666666666667
1993-11-10 00:00:00.000,1,DATE_TO_BIA,0.06666666666666667
1993-12-28 00:00:00.000,1,DATE_TO_BIA,0.06666666666666667
1994-03-25 00:00:00.000,1,DATE_TO_BIA,0.06666666666666667
1994-07-12 00:00:00.000,1,DATE_TO_BIA,0.06666666666666667
1995-03-16 00:00:00.000,1,DATE_TO_BIA,0.06666666666666667
1995-08-08 00:00:00.000,1,DATE_TO_BIA,0.06666666666666667
1998-06-01 00:00:00.000,1,DATE_TO_BIA,0.06666666666666667
G,5642745,DEC,0.6721948445340692
D,872993,DEC,0.10399573149492501
C,556351,DEC,0.06627559351900075
A,359219,DEC,0.042792144578336216
M,180447,DEC,0.02149583989913405
N,175467,DEC,0.02090259488703805
S,156058,DEC,0.018590487971421314
O,154445,DEC,0.018398338532764517
J,97796,DEC,0.01164999783191582
G,63520,DEC,0.007566852041834971
W,51680,DEC,0.006156406069301501
W,21275,DEC,0.00253439510689608
R,16406,DEC,0.001954373025792578
D,14179,DEC,0.0016890805274114933
I,11929,DEC,0.001421048142428359
E,10101,DEC,0.0012032867203176172
O,6608,DEC,7.871813333193559e-4
J,2996,DEC,3.569000112930978e-4
F,169,DEC,2.01322102498443e-5
P,101,DEC,1.2031675948131802e-5
L,19,DEC,2.263384584302022e-6
C,2,DEC,2.3825100887389708e-7
,1,DEC,1.1912550443694854e-7
g,1,DEC,1.1912550443694854e-7
1974-11-14 00:00:00.000,1,DECISION_RENDERED,0.1111111111111111
1991-11-13 00:00:00.000,1,DECISION_RENDERED,0.1111111111111111
1992-04-28 00:00:00.000,1,DECISION_RENDERED,0.1111111111111111
1992-06-03 00:00:00.000,1,DECISION_RENDERED,0.1111111111111111
1993-03-03 00:00:00.000,1,DECISION_RENDERED,0.1111111111111111
1993-04-23 00:00:00.000,1,DECISION_RENDERED,0.1111111111111111
1993-11-10 00:00:00.000,1,DECISION_RENDERED,0.1111111111111111
1994-08-23 00:00:00.000,1,DECISION_RENDERED,0.1111111111111111
1995-07-21 00:00:00.000,1,DECISION_RENDERED,0.1111111111111111
D,136,DEC_212C,0.7120418848167539
G,33,DEC_212C,0.17277486910994763
O,19,DEC_212C,0.09947643979057591
W,2,DEC_212C,0.010471204188481676
A,1,DEC_212C,0.005235602094240838
D,743,DEC_245,0.6563604240282686
G,187,DEC_245,0.16519434628975266
O,108,DEC_245,0.09540636042402827
M,45,DEC_245,0.03975265017667844
W,33,DEC_245,0.029151943462897525
A,15,DEC_245,0.013250883392226149
F,1,DEC_245,8.833922261484099e-4
X,3943648,DEC_CODE,0.4833717650637859
R,880183,DEC_CODE,0.10788376911152776
V,814201,DEC_CODE,0.09979637495199864
T,810769,DEC_CODE,0.09937571573046089
D,657115,DEC_CODE,0.08054239054801282
U,632069,DEC_CODE,0.0774725097605319
A,189914,DEC_CODE,0.023277702622121404
E,158177,DEC_CODE,0.019387707950226405
O,41856,DEC_CODE,0.0051302774990338446
G,11220,DEC_CODE,0.001375232070411882
W,10972,DEC_CODE,0.0013448347840070562
L,3680,DEC_CODE,4.5105650794257805e-4
Z,3651,DEC_CODE,4.4750198654846537e-4
J,741,DEC_CODE,9.082415010474195e-5
H,367,DEC_CODE,4.498308109101254e-5
S,52,DEC_CODE,6.37362456875382e-6
C,5,DEC_CODE,6.128485162263289e-7
1996-05-21 00:00:00.000,1,DEC_CODE,1.2256970324526577e-7
2,1,DEC_CODE,1.2256970324526577e-7
K,1,DEC_CODE,1.2256970324526577e-7
O,4710142,DEC_TYPE,0.4837908254249784
W,4196206,DEC_TYPE,0.4310031341715912
7,693552,DEC_TYPE,0.07123651358178684
6,135995,DEC_TYPE,0.013968396983290512
"",3,DEC_TYPE,3.081377326362847e-7
A,2,DEC_TYPE,2.0542515509085647e-7
T,2,DEC_TYPE,2.0542515509085647e-7
2,1,DEC_TYPE,1.0271257754542823e-7
C,1,DEC_TYPE,1.0271257754542823e-7
R,1,DEC_TYPE,1.0271257754542823e-7
X,1,DEC_TYPE,1.0271257754542823e-7
0,6,DETENTION_DATE,1
X,47452,Dec_Code,0.7430164098709758
T,6910,Dec_Code,0.10819867217837906
V,4682,Dec_Code,0.07331203808092196
R,3182,Dec_Code,0.0498246273330828
D,596,Dec_Code,0.009332331203808093
O,300,Dec_Code,0.004697482149567831
G,264,Dec_Code,0.004133784291619692
U,174,Dec_Code,0.0027245396467493422
E,112,Dec_Code,0.0017537266691719905
Z,100,Dec_Code,0.0015658273831892773
H,35,Dec_Code,5.480395841162471e-4
Q,29,Dec_Code,4.540899411248904e-4
W,12,Dec_Code,1.8789928598271326e-4
A,9,Dec_Code,1.4092446448703494e-4
C,3,Dec_Code,4.6974821495678314e-5
I,3,Dec_Code,4.6974821495678314e-5
J,1,Dec_Code,1.5658273831892774e-5
W,920454,FILING_METHOD,0.8730218498744702
O,133869,FILING_METHOD,0.12697056237557275
BD,7,FILING_METHOD,6.639281212446565e-6
BOS,1,FILING_METHOD,9.484687446352237e-7
A,995263,FILING_PARTY,0.9136561466384043
I,89347,FILING_PARTY,0.08202096906415843
B,4707,FILING_PARTY,0.0043210482879670695
BD,1,FILING_PARTY,9.180047350684235e-7
R,1,FILING_PARTY,9.180047350684235e-7
99,32525709,GENERATION,0.6360642877722479
98,7059570,GENERATION,0.1380551109286604
99,4447730,GENERATION,0.0869786486330939
97,2273665,GENERATION,0.044463200136780665
98,1728389,GENERATION,0.03379992480035986
99,1397626,GENERATION,0.027331609781726073
97,561396,GENERATION,0.010978513854938225
96,559415,GENERATION,0.01093977393526186
95,161984,GENERATION,0.0031677168848340802
96,147144,GENERATION,0.0028775097127001796
98,69139,GENERATION,0.0013520642637578
94,51453,GENERATION,0.0010062014573992983
95,42467,GENERATION,8.304735834912639e-4
97,34288,GENERATION,6.705271912484625e-4
93,18001,GENERATION,3.5202286425757036e-4
96,15370,GENERATION,3.005717139958256e-4
94,13468,GENERATION,2.6337669772906827e-4
92,7148,GENERATION,1.3978442496045292e-4
95,5799,GENERATION,1.1340373256094943e-4
93,4602,GENERATION,8.999551254448858e-5
91,2879,GENERATION,5.630097362355119e-5
94,2006,GENERATION,3.9228813160418094e-5
92,1748,GENERATION,3.418343240499044e-5
90,1190,GENERATION,2.327132984092599e-5
93,839,GENERATION,1.640726532482093e-5
91,670,GENERATION,1.3102345372622195e-5
89,544,GENERATION,1.0638322212994739e-5
92,408,GENERATION,7.978741659746054e-6
90,289,GENERATION,5.651608675653454e-6
88,179,GENERATION,3.5004773458199597e-6
91,154,GENERATION,3.011583861766893e-6
87,146,GENERATION,2.855137946869911e-6
89,140,GENERATION,2.737803510697175e-6
90,57,GENERATION,1.1146771436409927e-6
88,48,GENERATION,9.386754893818886e-7
86,45,GENERATION,8.800082712955206e-7
89,41,GENERATION,8.017853138470299e-7
87,34,GENERATION,6.648951383121712e-7
85,25,GENERATION,4.88893484053067e-7
84,18,GENERATION,3.5200330851820826e-7
88,16,GENERATION,3.128918297939629e-7
86,13,GENERATION,2.5422461170759487e-7
87,13,GENERATION,2.5422461170759487e-7
85,9,GENERATION,1.7600165425910413e-7
84,4,GENERATION,7.822295744849073e-8
86,2,GENERATION,3.911147872424536e-8
2007-05-11 23:46:14.963,1,GENERATION,1.955573936212268e-8
84,1,GENERATION,1.955573936212268e-8
85,1,GENERATION,1.955573936212268e-8
S,188552,IHP,0.7162224273434147
F,67907,IHP,0.2579474965718171
M,6745,IHP,0.025621156351729665
N,40,IHP,1.5194162402804842e-4
Y,14,IHP,5.317956840981695e-5
D,1,IHP,3.7985406007012108e-6
KSS,5,INTERPRETER_CODE,0.625
AAA,2,INTERPRETER_CODE,0.25
YM,1,INTERPRETER_CODE,0.125
IJ,174547,JURISDICTION,0.9931267958237319
000,1206,JURISDICTION,0.006861824699155074
930,1,JURISDICTION,5.689738556513328e-6
BIA,1,JURISDICTION,5.689738556513328e-6
M,7263514,LATEST_CAL_TYPE,0.7274585919769889
I,2720126,LATEST_CAL_TYPE,0.2724272342505293
R,843,LATEST_CAL_TYPE,8.44285001772698e-5
N,203,LATEST_CAL_TYPE,2.033094369630578e-5
0900,18,LATEST_CAL_TYPE,1.8027437760271132e-6
0830,17,LATEST_CAL_TYPE,1.702591344025607e-6
1300,12,LATEST_CAL_TYPE,1.2018291840180755e-6
S,12,LATEST_CAL_TYPE,1.2018291840180755e-6
1000,9,LATEST_CAL_TYPE,9.013718880135566e-7
0800,5,LATEST_CAL_TYPE,5.007621600075315e-7
1330,3,LATEST_CAL_TYPE,3.004572960045189e-7
T,3,LATEST_CAL_TYPE,3.004572960045189e-7
0,2,LATEST_CAL_TYPE,2.0030486400301258e-7
0930,2,LATEST_CAL_TYPE,2.0030486400301258e-7
1030,2,LATEST_CAL_TYPE,2.0030486400301258e-7
C,2,LATEST_CAL_TYPE,2.0030486400301258e-7
0000,1,LATEST_CAL_TYPE,1.0015243200150629e-7
0100,1,LATEST_CAL_TYPE,1.0015243200150629e-7
1130,1,LATEST_CAL_TYPE,1.0015243200150629e-7
1230,1,LATEST_CAL_TYPE,1.0015243200150629e-7
1400,1,LATEST_CAL_TYPE,1.0015243200150629e-7
2026-07-13 00:00:00.000,1,LATEST_CAL_TYPE,1.0015243200150629e-7
E,1,LATEST_CAL_TYPE,1.0015243200150629e-7
0,891520,LPR,0.9921707630584661
1,7018,LPR,0.00781031767671428
2024-09-09 00:00:00.000,2,LPR,2.2257958611325963e-6
1/2002,1,LPR,1.1128979305662981e-6
2015-10-26 00:00:00.000,1,LPR,1.1128979305662981e-6
2022-04-28 00:00:00.000,1,LPR,1.1128979305662981e-6
2022-12-15 00:00:00.000,1,LPR,1.1128979305662981e-6
2023-05-24 00:00:00.000,1,LPR,1.1128979305662981e-6
2023-11-09 00:00:00.000,1,LPR,1.1128979305662981e-6
2023-11-14 00:00:00.000,1,LPR,1.1128979305662981e-6
2024-01-08 00:00:00.000,1,LPR,1.1128979305662981e-6
2024-01-12 00:00:00.000,1,LPR,1.1128979305662981e-6
2024-08-14 00:00:00.000,1,LPR,1.1128979305662981e-6
2024-12-20 00:00:00.000,1,LPR,1.1128979305662981e-6
2025-01-10 00:00:00.000,1,LPR,1.1128979305662981e-6
2025-01-16 00:00:00.000,1,LPR,1.1128979305662981e-6
2025-03-28 00:00:00.000,1,LPR,1.1128979305662981e-6
2025-04-01 00:00:00.000,1,LPR,1.1128979305662981e-6
1,33380,NBR_OF_CHGS,0.5251648023158856
01,15669,NBR_OF_CHGS,0.24651909189597396
02,6058,NBR_OF_CHGS,0.0953100171488806
2,4906,NBR_OF_CHGS,0.07718569563096868
03,1812,NBR_OF_CHGS,0.02850804738754897
3,732,NBR_OF_CHGS,0.011516495964506537
04,464,NBR_OF_CHGS,0.007300073944714526
4,184,NBR_OF_CHGS,0.0028948569091109327
05,136,NBR_OF_CHGS,0.0021396768458646024
5,77,NBR_OF_CHGS,0.0012114346847909882
00,71,NBR_OF_CHGS,0.001117037176885197
06,40,NBR_OF_CHGS,6.293167193719419e-4
6,20,NBR_OF_CHGS,3.1465835968597094e-4
07,5,NBR_OF_CHGS,7.866458992149274e-5
7,2,NBR_OF_CHGS,3.14658359685971e-5
0,1,NBR_OF_CHGS,1.573291798429855e-5
08,1,NBR_OF_CHGS,1.573291798429855e-5
11,1,NBR_OF_CHGS,1.573291798429855e-5
12,1,NBR_OF_CHGS,1.573291798429855e-5
8,1,NBR_OF_CHGS,1.573291798429855e-5
C,1898506,OTHER_COMP,0.4925362253606192
T,847234,OTHER_COMP,0.21980095736183022
A,521518,OTHER_COMP,0.1352992864798001
F,370352,OTHER_COMP,0.09608174856163533
Y,95611,OTHER_COMP,0.02480470488002364
X,76067,OTHER_COMP,0.01973433481616925
P,17809,OTHER_COMP,0.004620252786900472
O,16502,OTHER_COMP,0.004281173086048155
M,4924,OTHER_COMP,0.0012774509923464497
K,3032,OTHER_COMP,7.866026419160104e-4
H,2994,OTHER_COMP,7.76744165533158e-4
R,1,OTHER_COMP,2.594335890224309e-7
W,1,OTHER_COMP,2.594335890224309e-7
S,27422,O_CLOCK_OPTION,0.35312145874111467
N,26179,O_CLOCK_OPTION,0.33711496857937573
T,14317,O_CLOCK_OPTION,0.18436437622334398
C,9734,O_CLOCK_OPTION,0.12534768723601525
c,2,O_CLOCK_OPTION,2.575461007520346e-5
R,1,O_CLOCK_OPTION,1.287730503760173e-5
s,1,O_CLOCK_OPTION,1.287730503760173e-5
-1,64122,OptionA,0.9985050920302719
4,82,OptionA,0.001276900557476097
2,9,OptionA,1.4014762216201066e-4
3,2,OptionA,3.1143916036002365e-5
5,2,OptionA,3.1143916036002365e-5
1,1,OptionA,1.5571958018001183e-5
D,34341,Other_dec1,0.8396537812660456
M,2524,Other_dec1,0.06171300031785618
W,1344,Other_dec1,0.03286143915499157
O,1272,Other_dec1,0.031101004914545587
G,866,Other_dec1,0.021174111836475218
L,268,Other_dec1,0.006552727450548913
A,255,Other_dec1,0.006234871268246168
S,13,Other_dec1,3.178561823027458e-4
C,10,Other_dec1,2.445047556174968e-4
F,3,Other_dec1,7.335142668524903e-5
I,2,Other_dec1,4.890095112349935e-5
R,1,Other_dec1,2.4450475561749676e-5
D,109,Other_dec2,0.7730496453900709
O,11,Other_dec2,0.07801418439716312
C,10,Other_dec2,0.07092198581560284
G,10,Other_dec2,0.07092198581560284
W,1,Other_dec2,0.0070921985815602835
a_tblcase,9203234,PARENT_TABLE,0.3779429665998572
b_tblproceeding,8426675,PARENT_TABLE,0.34605254501546434
B_TblProceeding,3317688,PARENT_TABLE,0.13624524215865283
A_Tblcase,2233091,PARENT_TABLE,0.091704833021462
tblappeal,576725,PARENT_TABLE,0.0236839742868977
tblAppeal,372918,PARENT_TABLE,0.015314370493946537
A_TblCase,220523,PARENT_TABLE,0.009056068423719348
D,2097,P_EOIR42A_DEC,0.7236024844720497
G,527,P_EOIR42A_DEC,0.1818495514147688
O,202,P_EOIR42A_DEC,0.06970324361628709
M,39,P_EOIR42A_DEC,0.013457556935817806
W,27,P_EOIR42A_DEC,0.009316770186335404
A,5,P_EOIR42A_DEC,0.001725327812284334
F,1,P_EOIR42A_DEC,3.450655624568668e-4
X,2901,P_EOIR42A_Recd,1
D,5628,P_EOIR42B_DEC,0.825946580569416
F,370,P_EOIR42B_DEC,0.054299970648664514
O,338,P_EOIR42B_DEC,0.04960375697094218
M,272,P_EOIR42B_DEC,0.03991781626063986
W,146,P_EOIR42B_DEC,0.02142647490460816
A,36,P_EOIR42B_DEC,0.005283240387437629
G,22,P_EOIR42B_DEC,0.003228646903434106
,1,P_EOIR42B_DEC,1.46756677428823e-4
S,1,P_EOIR42B_DEC,1.46756677428823e-4
X,6827,P_EOIR42B_Recd,1
X,39644707,REC_TYPE,0.8971874634160594
B,1849616,REC_TYPE,0.04185810447114057
B,1525797,REC_TYPE,0.03452985388737601
A,1148910,REC_TYPE,0.02600063732576822
O,18733,REC_TYPE,4.239408996558617e-4
A,19,REJ,0.8260869565217391
M,4,REJ,0.17391304347826086
M,22,REJ_TO_BE_REMOVED,0.6875
A,10,REJ_TO_BE_REMOVED,0.3125
00,2518337,RELEASE_MONTH,0.9383730163313929
12,15321,RELEASE_MONTH,0.005708851906322811
01,14177,RELEASE_MONTH,0.005282579040267509
06,13996,RELEASE_MONTH,0.00521513551862764
10,13903,RELEASE_MONTH,0.005180482217453564
05,13777,RELEASE_MONTH,0.005133532583604815
07,13744,RELEASE_MONTH,0.005121236250930143
03,13728,RELEASE_MONTH,0.0051152743926636355
11,13690,RELEASE_MONTH,0.0051011149792806795
08,13592,RELEASE_MONTH,0.005064598597398319
09,13406,RELEASE_MONTH,0.004995291995050167
04,13371,RELEASE_MONTH,0.004982250430092181
02,12678,RELEASE_MONTH,0.0047240274439240655
D,5,RELEASE_MONTH,1.8630807082836668e-6
RMV,1,RELEASE_MONTH,3.726161416567333e-7
S,1,RELEASE_MONTH,3.726161416567333e-7
N,109703,REL_CON,0.6763148322822073
Y,52504,REL_CON,0.3236851677177927
M,4907006,SITE_TYPE,0.8650564683561955
I,765374,SITE_TYPE,0.13492784182690112
N,56,SITE_TYPE,9.872244343688789e-6
R,20,SITE_TYPE,3.5258015513174247e-6
D,12,SITE_TYPE,2.115480930790455e-6
SP,1,SITE_TYPE,1.7629007756587123e-7
G,9845,STAY_GRANT,0.6731163681115822
D,4780,STAY_GRANT,0.32681526049500886
1998-04-30 00:00:00.000,1,STAY_GRANT,6.837139340899768e-5
COURT,23401211,STRATTYLEVEL,0.9610016552191558
BOARD,949643,STRATTYLEVEL,0.038998344780844234
ALIEN,12606445,STRATTYTYPE,0.5177003237750922
INS,11744409,STRATTYTYPE,0.48229967622490777
R,1971724,STRCERTOFSERVICECODE,0.34550897248736273
P,1310696,STRCERTOFSERVICECODE,0.22967577013988588
E,1163534,STRCERTOFSERVICECODE,0.20388829105600534
O,922627,STRCERTOFSERVICECODE,0.16167369609493926
C,220295,STRCERTOFSERVICECODE,0.03860271472787447
N,117847,STRCERTOFSERVICECODE,0.020650555493932334
W,5784686,STRFILINGMETHOD,0.8854659219471083
O,748243,STRFILINGMETHOD,0.11453407805289174
A,4950177,STRFILINGPARTY,0.7412420886466886
I,788980,STRFILINGPARTY,0.11814227715503191
R,589673,STRFILINGPARTY,0.08829794290962904
B,331450,STRFILINGPARTY,0.04963149606204888
S,9705,STRFILINGPARTY,0.0014532317673319787
E,4932,STRFILINGPARTY,7.385202551758186e-4
O,3229,STRFILINGPARTY,4.835121459778423e-4
H,72,STRFILINGPARTY,1.078131759380757e-5
0000000000,1,STRFILINGPARTY,1.4974052213621627e-7
99,1979919,SUB_GENERATION,0.48999187768114477
99,1320044,SUB_GENERATION,0.32668550490284154
99,254137,SUB_GENERATION,0.06289402032015103
98,210120,SUB_GENERATION,0.052000659288769964
98,168570,SUB_GENERATION,0.0417178333157622
97,40706,SUB_GENERATION,0.010073952203544024
97,28745,SUB_GENERATION,0.007113834719473124
98,14594,SUB_GENERATION,0.003611734350182319
96,9146,SUB_GENERATION,0.002263459117909243
96,6033,SUB_GENERATION,0.0014930514824345574
95,2373,SUB_GENERATION,5.872718660396494e-4
97,2067,SUB_GENERATION,5.115427505705669e-4
95,1584,SUB_GENERATION,3.920095388987799e-4
94,799,SUB_GENERATION,1.9773713483593758e-4
94,482,SUB_GENERATION,1.1928573090228023e-4
96,410,SUB_GENERATION,1.0146711549779024e-4
93,244,SUB_GENERATION,6.0385307759660535e-5
93,178,SUB_GENERATION,4.405157697221138e-5
95,103,SUB_GENERATION,2.5490519259200963e-5
92,99,SUB_GENERATION,2.4500596181173744e-5
92,83,SUB_GENERATION,2.0540903869064854e-5
91,51,SUB_GENERATION,1.2621519244847079e-5
91,35,SUB_GENERATION,8.661826932738192e-6
90,34,SUB_GENERATION,8.414346163231386e-6
94,34,SUB_GENERATION,8.414346163231386e-6
89,24,SUB_GENERATION,5.9395384681633315e-6
90,18,SUB_GENERATION,4.454653851122498e-6
88,16,SUB_GENERATION,3.959692312108887e-6
93,14,SUB_GENERATION,3.4647307730952766e-6
85,8,SUB_GENERATION,1.9798461560544437e-6
86,8,SUB_GENERATION,1.9798461560544437e-6
87,8,SUB_GENERATION,1.9798461560544437e-6
89,8,SUB_GENERATION,1.9798461560544437e-6
92,7,SUB_GENERATION,1.7323653865476383e-6
00,4,SUB_GENERATION,9.899230780272218e-7
84,4,SUB_GENERATION,9.899230780272218e-7
88,3,SUB_GENERATION,7.424423085204164e-7
87,2,SUB_GENERATION,4.949615390136109e-7
91,2,SUB_GENERATION,4.949615390136109e-7
2346,1,SUB_GENERATION,2.4748076950680546e-7
86,1,SUB_GENERATION,2.4748076950680546e-7
M,3846507,Sex,0.5952442446802996
F,2615173,Sex,0.4046961768413038
N,350,Sex,5.416225308782874e-5
U,34,Sex,5.26147601424622e-6
2025-02-27 10:43:03.530,1,Sex,1.5474929453665354e-7
Court,187859,Source_Flag,0.4752398853508663
eReg,122989,Source_Flag,0.3111337665984472
Appeal,84445,Source_Flag,0.21362634805068645
M,64,UP_BOND_DATE,0.810126582278481
I,10,UP_BOND_DATE,0.12658227848101267
1997-03-21 00:00:00.000,2,UP_BOND_DATE,0.02531645569620253
0900,1,UP_BOND_DATE,0.012658227848101266
1999-09-09 00:00:00.000,1,UP_BOND_DATE,0.012658227848101266
2004-09-08 00:00:00.000,1,UP_BOND_DATE,0.012658227848101266
16,2,UP_BOND_RSN,0.3333333333333333
09,1,UP_BOND_RSN,0.16666666666666666
AB,1,UP_BOND_RSN,0.16666666666666666
AS,1,UP_BOND_RSN,0.16666666666666666
M,1,UP_BOND_RSN,0.16666666666666666
G,4042,VD_DEC,0.4982127449771971
D,3528,VD_DEC,0.43485763589301124
O,296,VD_DEC,0.036484654258597315
W,136,VD_DEC,0.01676321952422039
M,103,VD_DEC,0.012695673610255146
A,4,VD_DEC,4.930358683594232e-4
F,2,VD_DEC,2.465179341797116e-4
,1,VD_DEC,1.232589670898558e-4
I,1,VD_DEC,1.232589670898558e-4
X,8132,VD_recd,1
D,1,WD_DEC,1
X,1,WD_recd,1
1,2281039,blnActive,0.9080399371508574
0,231008,blnActive,0.09196006284914256
1,327990,blnAttorneyActive,0.8297389531309687
0,67303,blnAttorneyActive,0.17026104686903132
0,62849,blnIntrpr,0.9786819894733564
1,1369,blnIntrpr,0.02131801052664362
0,63828,blnOARequestedbyAlien,0.9939269363729796
1,390,blnOARequestedbyAlien,0.006073063627020462
0,64218,blnOARequestedbyAmicus,1
0,64094,blnOARequestedbyINS,0.9980690772057679
1,124,blnOARequestedbyINS,0.0019309227942321467
0,64218,blnProcessed,1
0,52769,blnSelectedbyCoordinator,0.8217166526519044
1,11449,blnSelectedbyCoordinator,0.17828334734809556
0,61557,blnSelectedbyScreener,0.9585630197140989
1,2661,blnSelectedbyScreener,0.04143698028590115
AWC/ATD,54440,casePriority_code,0.5829193078636286
UC,29626,casePriority_code,0.31722203186568443
AWC/D,8670,casePriority_code,0.09283450402604078
RBC/D,379,casePriority_code,0.004058163440123351
CR,277,casePriority_code,0.0029659928045228713
5,1897316,idnJuvenile,0.6599265888729935
4,454668,idnJuvenile,0.15814313604571203
1,233973,idnJuvenile,0.08138075248318198
6,228895,idnJuvenile,0.07961451680167343
2,59455,idnJuvenile,0.020679705089423073
3,734,idnJuvenile,2.553007070160043e-4
O,204,other_comp,0.6163141993957704
A,115,other_comp,0.3474320241691843
Y,6,other_comp,0.01812688821752266
F,3,other_comp,0.00906344410876133
P,2,other_comp,0.006042296072507553
C,1,other_comp,0.0030211480362537764
X,192,recd_212C,1
X,1141,recd_245,1
M,19589,strAlienSex,0.6503652058432935
F,10531,strAlienSex,0.3496347941567065
IJ,1251600,strAppealCategory,0.9053649164584578
DD,129374,strAppealCategory,0.09358475607374282
MA,1448,strAppealCategory,0.0010474340037007405
ij,4,strAppealCategory,2.89346409862083e-6
Case Appeal,881357,strAppealType,0.6375437093920397
MTR BIA,225381,strAppealType,0.16303295800281534
DD Visa,119989,strAppealType,0.0867959659323537
Appeal of IJ MTR,67027,strAppealType,0.0484850545345646
Bond Appeal,45804,strAppealType,0.03313305739330713
Circuit Court Remand,24906,strAppealType,0.0180161542100626
Interlocutory Appeal,7995,strAppealType,0.0057833113671183845
DD Fines,7077,strAppealType,0.005119261356484904
DD 212,2062,strAppealType,0.001491580742839038
Bond MTR Rec,318,strAppealType,2.30030395840356e-4
DD Bond,244,strAppealType,1.7650131001587064e-4
Bond MTR Reo,182,strAppealType,1.3165261648724779e-4
Bond MTR Rei,51,strAppealType,3.6891667257415584e-5
SC Appeal,15,strAppealType,1.0850490369828113e-5
Zero Bond Appeal,11,strAppealType,7.957026271207283e-6
CASE APPEAL,3,strAppealType,2.170098073965623e-6
RC Appeal,2,strAppealType,1.446732049310415e-6
DD visa,1,strAppealType,7.233660246552075e-7
DD-212,1,strAppealType,7.233660246552075e-7
R,757395,strBIADecisionType,0.6314092757919554
P,430441,strBIADecisionType,0.35884108038891865
T,7020,strBIADecisionType,0.0058522872689409445
L,3670,strBIADecisionType,0.003059529099289639
A,1004,strBIADecisionType,8.369937917402718e-4
(,1,strBIADecisionType,8.336591551197926e-7
RMV,962892,strCaseType,0.7202488166547983
DEP,229230,strCaseType,0.1714653733147429
DDC,83887,strCaseType,0.0627479639281675
EXC,41961,strCaseType,0.031387072065872386
WHO,10173,strCaseType,0.007609463171185619
AOC,7286,strCaseType,0.005449970378969667
REC,529,strCaseType,3.9569507692491815e-4
CFR,395,strCaseType,2.9546229751482546e-4
RFR,329,strCaseType,2.4609391362627236e-4
nul,87,strCaseType,6.507650603491093e-5
NAC,73,strCaseType,5.460442460400572e-5
CDR,22,strCaseType,1.645612796285104e-5
CSR,12,strCaseType,8.976069797918749e-6
und,12,strCaseType,8.976069797918749e-6
S,3617,strCorFacility,0.7145397076254445
F,1133,strCorFacility,0.223824575266693
M,135,strCorFacility,0.026669300671671278
E,34,strCorFacility,0.006716712761754247
O,32,strCorFacility,0.006321612011062821
P,21,strCorFacility,0.004148557882259977
N,20,strCorFacility,0.0039510075069142635
B,13,strCorFacility,0.002568154879494271
H,13,strCorFacility,0.002568154879494271
D,12,strCorFacility,0.002370604504148558
K,8,strCorFacility,0.0015804030027657052
A,6,strCorFacility,0.001185302252074279
T,6,strCorFacility,0.001185302252074279
V,5,strCorFacility,9.877518767285659e-4
L,4,strCorFacility,7.902015013828526e-4
C,2,strCorFacility,3.951007506914263e-4
W,1,strCorFacility,1.9755037534571315e-4
N,654689,strCustody,0.5457833836303917
R,269660,strCustody,0.22480284108908416
D,215044,strCustody,0.17927205428747686
D,28489,strCustody,0.02374993747603248
N,23564,strCustody,0.01964419694216116
R,8094,strCustody,0.006747586574853694
0,6948184,strDJScenario,1
REM,6332,strFedCourtDecision,0.9995264404104183
DIS,3,strFedCourtDecision,4.7355958958168905e-4
A,1240805,strFiledBy,0.8975652699774018
I,74922,strFiledBy,0.054196578154703516
O,29731,strFiledBy,0.021506613079168874
B,20415,strFiledBy,0.014767666947335526
P,16276,strFiledBy,0.011773624650248985
T,254,strFiledBy,1.8373683098815694e-4
E,4,strFiledBy,2.893493401388298e-6
C,3,strFiledBy,2.1701200510412236e-6
H,2,strFiledBy,1.446746700694149e-6
A,52557,strFiledby,0.8184408870063535
I,11231,strFiledby,0.17489410738756697
O,280,strFiledby,0.004360284041360409
B,148,strFiledby,0.002304721564719073
Lawful Permanent Resident,1010,strINSStatus,0.39499413375048886
Present Without Admission,680,strINSStatus,0.26593664450527965
Arriving Alien,533,strINSStatus,0.20844739929605005
Visa Overstay,245,strINSStatus,0.09581540868204928
In-Status,80,strINSStatus,0.03128666405944466
Temporary Protected Status,9,strINSStatus,0.0035197497066875244
GER,2,strIntrprLang,0.5
MND,1,strIntrprLang,0.25
ZAR,1,strIntrprLang,0.25
Low Possibility,60,strPossibility,0.5769230769230769
Unknown,42,strPossibility,0.40384615384615385
High Possibility,2,strPossibility,0.019230769230769232
Y,2953,strProbono,1
S,17600,strProceedingIHP,0.47802705198544193
*,8939,strProceedingIHP,0.24278885327828778
F,4525,strProceedingIHP,0.12290184149057526
S,3840,strProceedingIHP,0.10429681134227824
F,1199,strProceedingIHP,0.03256559291650823
M,494,strProceedingIHP,0.013417350209136836
M,135,strProceedingIHP,0.003666684773751969
n,85,strProceedingIHP,0.0023086533760660545
Y,1,strProceedingIHP,2.716062795371829e-5
